year,female_vulnerable_employment_pct,male_vulnerable_employment_pct,total_vulnerable_employment_pct
1991,48.1770,33.8180,35.3510
1992,48.2442,33.7520,35.3189
1993,48.1807,33.7618,35.3238
1994,47.9429,33.8361,35.3652
1995,47.4861,33.9904,35.4595
1996,46.9042,34.1001,35.4968
1997,46.1836,34.0562,35.3879
1998,45.3526,33.5891,34.9225
1999,44.4024,33.1164,34.4372
2000,43.4969,32.6297,33.9436
2001,42.6870,32.2599,33.5631
2002,42.0923,32.2049,33.4831
2003,41.7432,32.2817,33.5476
2004,41.4927,32.4330,33.6856
2005,41.2950,32.5328,33.7854
2006,41.0683,32.5270,33.7898
2007,40.7476,32.4533,33.7239
2008,40.6785,31.4043,32.8031
2009,40.5524,30.3610,31.8726
2010,40.3824,29.2971,30.9127
2011,40.1617,28.2110,29.9225
2012,39.8973,27.0582,28.8656
2013,36.8193,26.3449,27.8296
2014,39.5783,26.7262,28.5547
2015,38.3295,26.4649,28.1982
2016,36.3286,25.8930,27.4646
2017,34.4815,25.6592,26.6241
2018,34.0808,25.5938,26.5668
2019,35.9063,25.9248,27.1255
2020,36.1381,26.0191,27.1813
2021,35.7914,25.7927,26.9831
2022,36.0191,25.8698,27.0180
2023,36.0598,25.9633,27.0725
2024,36.0521,25.9524,27.0720
2025,36.0528,26.0425,27.1406
